Андорра - AD - Андорра-ла-Велья
Объединённые Арабские Эмираты - AE - Абу-Даби
Афганистан - AF - Кабул
Антигуа и Барбуда - AG - Сент-Джонс
Ангилья - AI - Остров Ангилья
Албания - AL - Тирана
Армения - AM - Ереван
Ангола - AO - Луанда
Антарктида - AQ - Не применяется (Антарктида)
Аргентина - AR - Буэнос-Айрес
Американское Самоа - AS - Паго-Паго
Австрия - AT - Вена
Австралия - AU - Канберра
Аруба - AW - Ораньестад
Неизвестная страна - AX - Неизвестная столица
Азербайджан - AZ - Баку
Босния и Герцеговина - BA - Сараево
Барбадос - BB - Бриджтаун
Бангладеш - BD - Дакка
Бельгия - BE - Брюссель
Буркина-Фасо - BF - Уагадугу
Болгария - BG - София
Бахрейн - BH - Манама
Бурунди - BI - Гитега
Бенин - BJ - Порто-Ново
Сент-Бартельми - BL - Густавия
Бермуды - BM - Гамильтон
Бруней - BN - Бандар-Сери-Бегаван
Боливия - BO - Сукре
Неизвестная страна - BQ - Неизвестная столица
Бразилия - BR - Бразилиа
Багамы - BS - Нассау
Бутан - BT - Тхимпху
Остров Буве - BV - Не применяется
Ботсвана - BW - Габороне
Беларусь - BY - Минск
Белиз - BZ - Бельмопан
Канада - CA - Оттава
Кокосовые (Килинг) острова - CC - Западные острова Кокос (Килинг)
Демократическая Республика Конго - CD - Киншаса
Центральноафриканская Республика - CF - Банги
Республика Конго - CG - Браззавиль
Швейцария - CH - Берн
Кот-д’Ивуар - CI - Ямусукро
Острова Кука - CK - Авараманга
Чили - CL - Сантьяго
Камерун - CM - Яунде
Китай - CN - Пекин
Колумбия - CO - Богота
Коста-Рика - CR - Сан-Хосе
Куба - CU - Гавана
Кабо-Верде - CV - Прая
Кюрасао - CW - Виллемстад
Остров Рождества - CX - Остров Рождества
Кипр - CY - Никосия
Чехия - CZ - Прага
Германия - DE - Берлин
Джибути - DJ - Джибути
Дания - DK - Копенгаген
Доминика - DM - Розо
Доминиканская Республика - DO - Санто-Доминго
Алжир - DZ - Алжир
Эквадор - EC - Кито
Эстония - EE - Таллин
Египет - EG - Каир
Западная Сахара - EH - Эль-Аюн
Эритрея - ER - Асмера
Испания - ES - Мадрид
Эфиопия - ET - Аддис-Абеба
Финляндия - FI - Хельсинки
Фиджи - FJ - Сува
Фолклендские острова - FK - Стэнли
Микронезия - FM - Паликир
Фарерские острова - FO - Торсхавн
Франция - FR - Париж
Габон - GA - Либревиль
Англия - GB-ENG - Лондон
Северная Ирландия - GB-NIR - Белфаст
Шотландия - GB-SCT - Эдинбург
Уэльс - GB-WLS - Кардифф
Великобритания - GB - Лондон
Гренада - GD - Сент-Джорджес
Грузия - GE - Тбилиси
Французская Гвиана - GF - Кайенна
Гернси - GG - Сент-Питер-Порт
Гана - GH - Аккра
Гибралтар - GI - Гибралтар
Гренландия - GL - Нуук
Гамбия - GM - Банжул
Гвинея - GN - Конакри
Гваделупа - GP - Бас-Тер
Экваториальная Гвинея - GQ - Малабо
Греция - GR - Афины
Южная Георгия и Южные Сандвичевы Острова - GS - Георгий
Гватемала - GT - Гватемала
Гуам - GU - Агуана
Гвинея-Бисау - GW - Бисау
Гайана - GY - Джорджтаун
Гонконг - HK - Гонконг
Остров Херд и острова Макдональд - HM - Не применяется
Гондурас - HN - Тегусигальпа
Хорватия - HR - Загреб
Гаити - HT - Порт-о-Пренс
Венгрия - HU - Будапешт
Индонезия - ID - Джакарта
Ирландия - IE - Дублин
Израиль - IL - Иерусалим
Остров Мэн - IM - Дуглас
Индия - IN - Нью-Дели
Британская территория в Индийском океане - IO - Диего-Гарсия
Ирак - IQ - Багдад
Иран - IR - Тегеран
Исландия - IS - Рейкьявик
Италия - IT - Рим
Джерси - JE - Сент-Хелиер
Ямайка - JM - Кингстон
Иордания - JO - Амман
Япония - JP - Токио
Кения - KE - Найроби
Киргизия - KG - Бишкек
Камбоджа - KH - Пномпень
Кирибати - KI - Южный Тарава
Коморы - KM - Морони
Сент-Китс и Невис - KN - Бастер
Северная Корея - KP - Пхеньян
Южная Корея - KR - Сеул
Кувейт - KW - Эль-Кувейт
Каймановы острова - KY - Джорджтаун
Казахстан - KZ - Нур-Султан (Астана)
Лаос - LA - Вьентьян
Ливан - LB - Бейрут
Сент-Люсия - LC - Кастри
Лихтенштейн - LI - Вадуц
Шри-Ланка - LK - Шри-Джаяварденепура-Котте
Либерия - LR - Монровия
Лесото - LS - Масеру
Литва - LT - Вильнюс
Люксембург - LU - Люксембург
Латвия - LV - Рига
Ливия - LY - Триполи
Марокко - MA - Рабат
Монако - MC - Монако
Молдова - MD - Кишинёв
Черногория - ME - Подгорица
Сен-Мартен - MF - Мариго
Мадагаскар - MG - Антананариву
Маршалловы Острова - MH - Маджуро
Северная Македония - MK - Скопье
Мали - ML - Бамако
Мьянма - MM - Наяпидо
Монголия - MN - Улан-Батор
Макао - MO - Макао
Северные Марианские острова - MP - Сайпан
Мартиника - MQ - Форт-де-Франс
Мавритания - MR - Нуакшот
Монтсеррат - MS - Плимут
Мальта - MT - Валлетта
Маврикий - MU - Порт-Луи
Мальдивы - MV - Мале
Малави - MW - Лилонгве
Мексика - MX - Мехико
Малайзия - MY - Куала-Лумпур
Мозамбик - MZ - Мапуту
Намибия - NA - Виндхук
Новая Каледония - NC - Нумеа
Нигер - NE - Ниамей
Остров Норфолк - NF - Кингстон
Нигерия - NG - Абуджа
Никарагуа - NI - Манагуа
Нидерланды - NL - Амстердам
Норвегия - NO - Осло
Непал - NP - Катманду
Науру - NR - Ию
Ниуэ - NU - Алофи
Новая Зеландия - NZ - Веллингтон
Оман - OM - Маскат
Панама - PA - Панама
Перу - PE - Лима
Французская Полинезия - PF - Папеэте
Папуа — Новая Гвинея - PG - Порт-Морсби
Филиппины - PH - Манила
Пакистан - PK - Исламабад
Польша - PL - Варшава
Сен-Пьер и Микелон - PM - Сен-Пьер
Питкэрн - PN - Адамстаун
Пуэрто-Рико - PR - Сан-Хуан
Палестина - PS - Восточный Иерусалим
Португалия - PT - Лиссабон
Палау - PW - Нгермеаус
Парагвай - PY - Асунсьон
Катар - QA - Доха
Реюньон - RE - Сен-Дени
Румыния - RO - Бухарест
Сербия - RS - Белград
Россия - RU - Москва
Руанда - RW - Кигали
Саудовская Аравия - SA - Эр-Рияд
Соломоновы Острова - SB - Хониара
Сейшелы - SC - Виктория
Судан - SD - Хартум
Швеция - SE - Стокгольм
Сингапур - SG - Сингапур
Остров Святой Елены - SH - Джеймстаун
Словения - SI - Любляна
Шпицберген и Ян-Майен - SJ - Лонгйир
Словакия - SK - Братислава
Сьерра-Леоне - SL - Фритаун
Сан-Марино - SM - Сан-Марино
Сенегал - SN - Дакар
Сомали - SO - Могадишо
Суринам - SR - Парамарибо
Южный Судан - SS - Джуба
Сан-Томе и Принсипи - ST - Сан-Томе
Сальвадор - SV - Сан-Сальвадор
Синт-Мартен - SX - Филипсбург
Сирия - SY - Дамаск
Неизвестная страна - SZ - Неизвестная столица
Тёркс и Кайкос - TC - Кобра-Бей
Чад - TD - Нджамена
Французские Южные территории - TF - Порт-Обер
Того - TG - Ломе
Таиланд - TH - Бангкок
Таджикистан - TJ - Душанбе
Токелау - TK - Факаофо
Восточный Тимор - TL - Дили
Туркмения - TM - Ашхабад
Тунис - TN - Тунис
Тонга - TO - Нукуалофа
Турция - TR - Анкара
Тринидад и Тобаго - TT - Порт-оф-Спейн
Тувалу - TV - Фунефути
Неизвестная страна - TW - Неизвестная столица
Танзания - TZ - Додома
Украина - UA - Киев
Уганда - UG - Кампала
Малые отдалённые острова США - UM - Не применяется
Соединённые Штаты Америки - US - Вашингтон
Уругвай - UY - Монтевидео
Узбекистан - UZ - Ташкент
Ватикан - VA - Ватикан
Сент-Винсент и Гренадины - VC - Кингстаун
Венесуэла - VE - Каракас
Британские Виргинские острова - VG - Род-Таун
Американские Виргинские острова - VI - Шарлотта-Амалия
Вьетнам - VN - Ханой
Вануату - VU - Порт-Вила
Уоллис и Футуна - WF - Мата-Уту
Самоа - WS - Апиа
Косово - XK - Приштина
Йемен - YE - Сана
Майотта - YT - Мамутзю
Южно-Африканская Республика - ZA - Претория
Замбия - ZM - Лусака
Зимбабве - ZW - Хараре
